{
    "ret": 0.19753115322793968,
    "mtx": [
        [
            896.8235744570757,
            0.0,
            640.8390872835813
        ],
        [
            0.0,
            892.286896545126,
            358.5415138819598
        ],
        [
            0.0,
            0.0,
            1.0
        ]
    ],
    "dist": [
        [
            0.09151741923944182,
            -0.03726207306422758,
            -0.000618428870419409,
            -0.0008117111372000857,
            -0.09328070882621957
        ]
    ],
    "rvecs": [
        [
            [
                0.03680083600512198
            ],
            [
                -0.16242163379592345
            ],
            [
                -1.5058006713557857
            ]
        ],
        [
            [
                0.25298934443092647
            ],
            [
                -0.06790801994778764
            ],
            [
                -1.4148126376735326
            ]
        ],
        [
            [
                -0.15664852619902456
            ],
            [
                -0.21973706870743195
            ],
            [
                -1.5684187628676889
            ]
        ],
        [
            [
                -0.22578385961297343
            ],
            [
                -0.002268549168369753
            ],
            [
                -1.5795189903218112
            ]
        ]
    ],
    "tvecs": [
        [
            [
                1.7464203468928268
            ],
            [
                -0.5206500289258831
            ],
            [
                18.271848803175793
            ]
        ],
        [
            [
                -0.7352239044864087
            ],
            [
                3.6635831481616985
            ],
            [
                15.123721677441322
            ]
        ],
        [
            [
                -12.156568519071817
            ],
            [
                1.71597858472303
            ],
            [
                19.767331216541393
            ]
        ],
        [
            [
                -5.171383438996092
            ],
            [
                2.747440265711115
            ],
            [
                20.466534984874045
            ]
        ]
    ]
}